{"noiseKey":{"private":{"type":"Buffer","data":"GNl4OcVD/ecxhrlvioloEz3JAIat+SgyIWHUa3BReHM="},"public":{"type":"Buffer","data":"8tiSv5DqxYjCWFMTqsCaKNHWEiN7NNz2njhlvxVM12E="}},"pairingEphemeralKeyPair":{"private":{"type":"Buffer","data":"CKFE4/J/LHwgYsaOkj+pRnIdLYCaCKhrwLUdDPIAPW8="},"public":{"type":"Buffer","data":"7+0R2AlJP+voVe23TUDqtVK/oA5k6vxA9zg/gYxFlhE="}},"signedIdentityKey":{"private":{"type":"Buffer","data":"EMP2/OOR+NUaPlBMute0x2cgqDWPkK8kUEDzXJoZ8k0="},"public":{"type":"Buffer","data":"YSMFUcBaBShTERxMe4ALR5P/NHiHT6cCNHgx4AFvYxA="}},"signedPreKey":{"keyPair":{"private":{"type":"Buffer","data":"MId2NEdyp0B0YsHM7dg2/wIJcR4QDiyWgU7BOtsEdFI="},"public":{"type":"Buffer","data":"meAet38roNwUeTzrBADcCBr2c9GEbCxhhHdmEEXqmzM="}},"signature":{"type":"Buffer","data":"zmPi9iiFNAmgV+Tve5yrJf31Kyj/9RXaP+uvVy3xO28RKUv9AEv5saZJt+TD8t6uxFytCRkjgoRM848AoVAGBQ=="},"keyId":1},"registrationId":180,"advSecretKey":"K/b7eeMEVMhiB8i+aT5E7iXRfbC7RCUi6FqCbYvTr+s=","processedHistoryMessages":[{"key":{"remoteJid":"6285702691440@s.whatsapp.net","fromMe":true,"id":"EDE3D9129F658F5B6BBF44879A9EFEDE"},"messageTimestamp":1737182109},{"key":{"remoteJid":"6285702691440@s.whatsapp.net","fromMe":true,"id":"FAE88579D99533E71FC1435B050A331D"},"messageTimestamp":1737182110},{"key":{"remoteJid":"6285702691440@s.whatsapp.net","fromMe":true,"id":"3CA3FA24646455C57434B65BFFF0D731"},"messageTimestamp":1737182147},{"key":{"remoteJid":"6285702691440@s.whatsapp.net","fromMe":true,"id":"3838051440ADCE257E9DCA9BA5DF6D9C"},"messageTimestamp":1737182167},{"key":{"remoteJid":"6285702691440@s.whatsapp.net","fromMe":true,"id":"975BF9E0968D2135B5BA6A72B8B6F1D8"},"messageTimestamp":1737182179},{"key":{"remoteJid":"6285702691440@s.whatsapp.net","fromMe":true,"id":"8A62B0215B355A7FDE74DEDB3E47C247"},"messageTimestamp":1737182191},{"key":{"remoteJid":"6285702691440@s.whatsapp.net","fromMe":true,"id":"38F1E0C4CAD1A99466C96DE4FBB899F2"},"messageTimestamp":1737182205},{"key":{"remoteJid":"6285702691440@s.whatsapp.net","fromMe":true,"id":"A212C2D2AA118A7E05FE4E6FB5E1CE86"},"messageTimestamp":1737182223},{"key":{"remoteJid":"6285702691440@s.whatsapp.net","fromMe":true,"id":"4C4E989148ACC8378F3356AA8F3469BC"},"messageTimestamp":1737182224}],"nextPreKeyId":104,"firstUnuploadedPreKeyId":104,"accountSyncCounter":1,"accountSettings":{"unarchiveChats":false},"registered":true,"pairingCode":"C7MGLCV2","me":{"id":"6285702691440:77@s.whatsapp.net","jid":"6285702691440@s.whatsapp.net","lid":"136837993594953:77@lid","name":"Ryaaa"},"account":{"details":"CLW6nukBEJGXrbwGGAIgACgA","accountSignatureKey":"b2GcssaE+ZdXNhjCUkIbaafegY2by8FOnx9LwgHlIWY=","accountSignature":"jQrZJ7bBXUS4YP6h/5rkAA9wfTbRooZiNPPwDec5XrxtjLpp0+q3lkq5EuY5vlo58xil2n0uSX+Jt7t454qTDg==","deviceSignature":"XphI/L9zoH8b4hf6k7PSNulucniHmAO6QwAC5mN6pXJKWfiHRhntL/C7BIhTP1/tE+AFYNN4wXTtISnwRFwRAg=="},"signalIdentities":[{"identifier":{"name":"6285702691440:77@s.whatsapp.net","deviceId":0},"identifierKey":{"type":"Buffer","data":"BW9hnLLGhPmXVzYYwlJCG2mn3oGNm8vBTp8fS8IB5SFm"}}],"platform":"android","routingInfo":{"type":"Buffer","data":"CA0IEg=="},"lastAccountSyncTimestamp":1737186102,"myAppStateKeyId":"AEwAAAQZ"}