{"noiseKey":{"private":{"type":"Buffer","data":"GIBLBkYfjXEN1/tnhFJ/jVZUtA/HinupSx4xFpv2mVQ="},"public":{"type":"Buffer","data":"xY5FVu3pOmNt8jGLqMxNMbE1iEtZt4X0OX+kiFICjgA="}},"pairingEphemeralKeyPair":{"private":{"type":"Buffer","data":"wKvkYzEbaVI2v1nkupuvo3PcWg8QYbpgDl4DDCxIPH4="},"public":{"type":"Buffer","data":"hcUM017lHdvlyPqKXcYwLJi3Ur0aIWljCG6yxu8RxHI="}},"signedIdentityKey":{"private":{"type":"Buffer","data":"4BS/tz6jvJuaIstOaMVqU6aC54SEmHF2PbaaWOeaD1I="},"public":{"type":"Buffer","data":"9W45D+BUlv50m+65w2r8IV/FYTszKr3xwidWib/86Fg="}},"signedPreKey":{"keyPair":{"private":{"type":"Buffer","data":"8KHR/ixXvMHsRplTV+ZIncUgovdBci5PjLF7EKgokX8="},"public":{"type":"Buffer","data":"5N2UiALUlIy3bktGEHkRdNNgX0Ii2z0KXrCBUWH440E="}},"signature":{"type":"Buffer","data":"1cnb3MxiuyjB8bnvp9kjpX08iDVbPkqvZeW2vun8TETDAnOcQ+PWbz+66Iyis0DyoDUf84Q/rfFHouFSBSTbBw=="},"keyId":1},"registrationId":18,"advSecretKey":"OE8oLj6GY8mz+PRvlbtyx1q2ukJ40DkwKQrhO34UoSg=","processedHistoryMessages":[{"key":{"remoteJid":"62882003321562@s.whatsapp.net","fromMe":true,"id":"1D7B8C155DCF4D0E5FAC82B9B6ECD2B0"},"messageTimestamp":1739971369},{"key":{"remoteJid":"62882003321562@s.whatsapp.net","fromMe":true,"id":"7D46A9DA4F29A59CCF16CB4C0A9ACAFA"},"messageTimestamp":1739971399}],"nextPreKeyId":690,"firstUnuploadedPreKeyId":690,"accountSyncCounter":1,"accountSettings":{"unarchiveChats":false},"deviceId":"L8_EVcZ8Rfq23QMX_x6__Q","phoneId":"52743321-c7f4-4b3a-8ba4-234bfaf0bafc","identityId":{"type":"Buffer","data":"N7/O3SP8S4sm7tqG/wXZ8Xp7XgU="},"registered":true,"backupToken":{"type":"Buffer","data":"FO11oBWvqOdh4Ndld4X9ot4Ikj8="},"registration":{},"pairingCode":"MECHAB69","me":{"id":"62882003321562:43@s.whatsapp.net","lid":"171021671919768:43@lid","name":"bukan bot lagi"},"account":{"details":"CNTF7SoQo7bXvQYYASAAKAA=","accountSignatureKey":"t2Jf3AA6o8JjL1QmjYhS8VQHRrkJLk9RJEvl6CRkjwg=","accountSignature":"BR1WYRpYSJmB6paI/gC3gd+xIyhsINwKR9IqxzYu4+zGkYjFCg7kSnf2k4X7VuK0OCf4Z3c1YTDdewQ+F457AQ==","deviceSignature":"Vrd6z2/uHkjrfjjVEheI9fjIWrBois4TICQhh+Dfpqo91OKrnOjrra+FAbfViq+8Ge34cYhHvh7n5jwEJFj/CA=="},"signalIdentities":[{"identifier":{"name":"62882003321562:43@s.whatsapp.net","deviceId":0},"identifierKey":{"type":"Buffer","data":"BbdiX9wAOqPCYy9UJo2IUvFUB0a5CS5PUSRL5egkZI8I"}}],"platform":"android","routingInfo":{"type":"Buffer","data":"CBIICA=="},"lastAccountSyncTimestamp":1739973345,"myAppStateKeyId":"AAAAANc0","lastPropHash":"1K4hH4"}