{"noiseKey":{"private":{"type":"Buffer","data":"kAPuJ+Gl4sK9QKKEZqk1SatNiIZ2u0R0viWKMBfmFEg="},"public":{"type":"Buffer","data":"4oRizzeoTdC7l+vO5q/EOpfMetxiPuHyWUUfb/JfTjc="}},"pairingEphemeralKeyPair":{"private":{"type":"Buffer","data":"UMDPPdjkWaJeoX7oxqkjfqHI+cyoD0DCTzUsiKaJaW8="},"public":{"type":"Buffer","data":"vo4WGj7WnY/L4nc4OEgKmVvDdYtwp6LlQRor2D2Ti0g="}},"signedIdentityKey":{"private":{"type":"Buffer","data":"AKHKHBJeFxCUwg4UIRTj5uzkXcNZ+JNy0Y994Hies1I="},"public":{"type":"Buffer","data":"5fiqtd/jk/zzgZPYLI/fCvcxnBj8jpbT4m7FHcGCc2U="}},"signedPreKey":{"keyPair":{"private":{"type":"Buffer","data":"AOmwbogOurXYKAHKXFdyTCrV849TlsbK+W084I6NKmA="},"public":{"type":"Buffer","data":"YhbTVRozfBrgoDQTYxNnPuDjkNKOFBX3PVr+UQ4Nx0g="}},"signature":{"type":"Buffer","data":"UYC+AHLV3ZS9aTfTU82JrpwGrGXLc5ATaXB59YeM5S743UfQ7q8b0RelMHVGJq7oLrAD3NkVlbeMndei6QWQCw=="},"keyId":1},"registrationId":47,"advSecretKey":"afDwyuEkFtOpDCv7bq6vWeQHufe4LTRTcN3IBNT0ShM=","processedHistoryMessages":[{"key":{"remoteJid":"62882003321562@s.whatsapp.net","fromMe":true,"id":"341DEB25E0C442C2F4AD7F2689C8ACD0"},"messageTimestamp":1741069882},{"key":{"remoteJid":"62882003321562@s.whatsapp.net","fromMe":true,"id":"D56EB355FDC7F6E7B93DF072846EDA6B"},"messageTimestamp":1741069911}],"nextPreKeyId":28367,"firstUnuploadedPreKeyId":28367,"accountSyncCounter":1,"accountSettings":{"unarchiveChats":false},"deviceId":"B_CltL5uQaKlZSvNZQlrTg","phoneId":"ae800362-d1f8-445c-91e9-48a25b067d09","identityId":{"type":"Buffer","data":"v/5F6C8MA4ID9vv8ag8uA7HXop8="},"registered":true,"backupToken":{"type":"Buffer","data":"7KXT/k1ZgY3Q6Dqt1rJSin9EUOM="},"registration":{},"pairingCode":"MECHAB57","me":{"id":"62882003321562:47@s.whatsapp.net","lid":"171021671919768:47@lid","name":"Mecha V1"},"account":{"details":"CNfF7SoQtLyavgYYASAAKAA=","accountSignatureKey":"t2Jf3AA6o8JjL1QmjYhS8VQHRrkJLk9RJEvl6CRkjwg=","accountSignature":"7M1yiBHQe7XD4rCr8oUG/PRXHRq8dLToib5AIEJTZpWEojsx6BNmpuPUw5NPG7PRGyHfVpSTMXpAao2dbD15Bw==","deviceSignature":"Tsf7Hazj1FFM3dYLj1x6N6nnzYYFp2iqA5FyT+/iThaNV7YS0jjL29FktoKF4kyYNCfFhdnTE14jVTKxsCcQBA=="},"signalIdentities":[{"identifier":{"name":"62882003321562:47@s.whatsapp.net","deviceId":0},"identifierKey":{"type":"Buffer","data":"BbdiX9wAOqPCYy9UJo2IUvFUB0a5CS5PUSRL5egkZI8I"}}],"platform":"android","routingInfo":{"type":"Buffer","data":"CBIICA=="},"lastAccountSyncTimestamp":1741616244,"myAppStateKeyId":"AAAAADjn"}