[{"senderKeyId":1014671215,"senderChainKey":{"iteration":15973,"seed":"DiDOsNukUqcss1X0OR/ivI3W7Cje0mYW0uY1ocFW2Bs="},"senderSigningKey":{"public":"BcIqBNsvkUOZrxpM2LEK06gf72o8UNZ0C9dejXeVONUt"},"senderMessageKeys":[{"iteration":15913,"seed":"9zDnFkYPuW+gt7I8rjHpK8H4tH6g28kSLMua16DCrCk="},{"iteration":15915,"seed":"VLfB2dVEYFNyueFItv6rYPleIjGeVktvWdMsNP/7QyI="},{"iteration":15916,"seed":"aBPZs9eUyFi7eAY0zZ4Yg6pUvRgD4cJND5aher+vSfc="},{"iteration":15917,"seed":"hlzNIalDcdKcS6uIWaw3v+GE8OiS6yI0Sm2WGa80XDU="},{"iteration":15919,"seed":"Jt7UQjem1qcGzUZOZ10BEMAog8uMFIS3bnRdMSt7zeA="},{"iteration":15921,"seed":"y8NqlJvV1zzLYFLcCJNi2yx+BbFFuDk3CxCbDhmmnZU="},{"iteration":15923,"seed":"cnB8SRJMT81WaS7eWugyqR0skXSTCuDiJMm2LGbJBIA="},{"iteration":15924,"seed":"BU4dT61XdArDhDtD83tAZ3FnWELpsxoTu5axtVIfBxI="},{"iteration":15925,"seed":"+HFuEzClEOF5HDWJSV0va1DUj9jtDSSYAS61KJmBhqE="},{"iteration":15927,"seed":"ReFg+IPNdyZ6fZq4c4Pji1GYbYGdAlfv2SAqefVQMDM="},{"iteration":15928,"seed":"GVier9XqrNeqRdezPutP8A87Sr+z8y9BbiQVhxQd6wQ="},{"iteration":15929,"seed":"XJSQ+OlacM2oVAG7FYT3KKRKXDi4kqi/5k70bzcwynI="},{"iteration":15931,"seed":"qRA5xT0GOrKQreFklkkC/ipV+ARPSXYxo0yiaJg6dCo="},{"iteration":15933,"seed":"br+GWVmpOKoIhF4vjVL0tlQr+HkUjdG+bElK26kF4V8="},{"iteration":15934,"seed":"lJIpunyCKMD9l2lqE7L4k1XrmHDkJ7p9LRykeyU/QV4="},{"iteration":15935,"seed":"zyBMYXv/GFSLzqR0ErshaEu7fhb3tnrFTLRIHgZwYY8="},{"iteration":15937,"seed":"cwwY/lkNy8tjxdiEBr+qMtte8VzCLwMqFUyqUKjh/K8="},{"iteration":15939,"seed":"QHNa1AcNaR4tUy07L8DcS83R62m1xZ8sR6fvM+SlIRU="},{"iteration":15940,"seed":"Yrcptbz1p4GYtE1rnRiL+LdLy+EwnYsfQOicSB3g/30="},{"iteration":15941,"seed":"oSvfNLDM1KfoRr3uuNS8OUHP0UdpKH25iT0t6I/cxS0="},{"iteration":15942,"seed":"S+P/IM2cIgnyQroRYgLexbNGc/lo83zJ4jPSdEQhXIQ="},{"iteration":15943,"seed":"QrKuBA17yawDL4We0p1ij68OaL6lwET2v42SWbUqOts="},{"iteration":15945,"seed":"qyVMkgBPEHRcmpWJQXGCplvI0ZTusuoSbbN2MOihNXc="},{"iteration":15947,"seed":"LfSITGmVk4SIf4SQvJAuDKPxGe0D6F3wRMeblrmnaU8="},{"iteration":15949,"seed":"XcKQPnU4xW1cuQEYf+gtofOt4+KXn/VJyDZpLQS3JNs="},{"iteration":15951,"seed":"7U75Lz4X1PEjx+rez2mFCMA0G0Fc4O0nayQ/Lo6x+uo="},{"iteration":15953,"seed":"BIfnmIy+bHXy0NsZFfJHmAx/URK56eyVShF0cFVX8YA="},{"iteration":15955,"seed":"yOZ1UoXV8PmLXeD33zBgOOXexG/JDTDmSdTWt7Xzjfg="},{"iteration":15957,"seed":"skwFLak0ElARZYAEsvCsff4dEIS/V+AHWnrQeBKvCTM="},{"iteration":15959,"seed":"K2yhoMkiK04Ce89CfMaB15BTTX4CKa44As90YksB7UU="},{"iteration":15961,"seed":"9qcw0to0O5VBvlrPpiOZIwqDpcCz25ZeqW8Bfh+vaiM="},{"iteration":15963,"seed":"rCqWy+BhxChCWVp694YNYlppW76Zy06eNKveylDKVZ4="},{"iteration":15965,"seed":"uFhVxfCLH1Xh95XUpLNdFbLBpDlFYXGx1kPTRIqPWqI="},{"iteration":15967,"seed":"kzN3tXlzMQx8BOz32OTwACjR2We6U+zolpFe/oApdUY="},{"iteration":15969,"seed":"SFOL2BNuwUQJCimdIwhYOITORi5opQUDVekc9ju1uRo="},{"iteration":15971,"seed":"ttkxrjpoOYQZiXVxexMctRJrEyYPVl2uyhPP7UOj6pU="}]},{"senderKeyId":1014671215,"senderChainKey":{"iteration":15919,"seed":"FAorkOllOklpEA+LDjwCQ3J/SYx5cW9DQV2biifFIZk="},"senderSigningKey":{"public":"BcIqBNsvkUOZrxpM2LEK06gf72o8UNZ0C9dejXeVONUt"}},{"senderKeyId":1014671215,"senderChainKey":{"iteration":15935,"seed":"YkQ0oD+DAAD/B02bI1FO/uqutIzD5uDGkD23SgnTpOI="},"senderSigningKey":{"public":"BcIqBNsvkUOZrxpM2LEK06gf72o8UNZ0C9dejXeVONUt"}},{"senderKeyId":1014671215,"senderChainKey":{"iteration":15937,"seed":"tOZPt8SowFeobEPCrhXERRvb+qevkdxYzwEun8DN/Y0="},"senderSigningKey":{"public":"BcIqBNsvkUOZrxpM2LEK06gf72o8UNZ0C9dejXeVONUt"}},{"senderKeyId":1014671215,"senderChainKey":{"iteration":15943,"seed":"n4fRPQyp3mn+XBtP/5p+2+3Hs71MNYcSBuywfeAFN9A="},"senderSigningKey":{"public":"BcIqBNsvkUOZrxpM2LEK06gf72o8UNZ0C9dejXeVONUt"}}]