{"_sessions":{"BYYoyubn3nXmBJiUaYPpB0Ia/k9BkjL9MOA/c5NcAxcw":{"registrationId":12,"currentRatchet":{"ephemeralKeyPair":{"pubKey":"BXhrO4ng/RPXjLVgivHy7FItGORPXib0E7r6lP0UeOpo","privKey":"0FfsdhnepCeYzU6YwlQJi4M0fyixicDBZbTm3/87yFQ="},"lastRemoteEphemeralKey":"BZoeOrANt6v4r/EVbSr+3AdcqndL2qz5zyswtjT9Pi1Y","previousCounter":0,"rootKey":"91SacyrTIkwsGRSpnADPe0kgdDJfVcDjVx8i7IsWveQ="},"indexInfo":{"baseKey":"BYYoyubn3nXmBJiUaYPpB0Ia/k9BkjL9MOA/c5NcAxcw","baseKeyType":2,"closed":1741624208798,"used":1741624205293,"created":1741624205293,"remoteIdentityKey":"BTVHYsYMjuteEFUAGsFYlDvVXeX+RpC0eHAG5aYbhDEM"},"_chains":{"BZoeOrANt6v4r/EVbSr+3AdcqndL2qz5zyswtjT9Pi1Y":{"chainKey":{"counter":2,"key":"CVJc62/vTSFuZOBznEvRPypVW2ZNBiVKD7lD3xqPfLs="},"chainType":2,"messageKeys":{"1":"okeYvEiZB0D8kt+zt/D6UAqQNYEJv90TVZCiG65b3wM="}},"BXhrO4ng/RPXjLVgivHy7FItGORPXib0E7r6lP0UeOpo":{"chainKey":{"counter":-1,"key":"HfEVtUMQp0Ml8nUwWYqx/754uwlNfSVV1tsayZAc5R8="},"chainType":1,"messageKeys":{}}}},"BfbBEf8s6Wg5cJDHBjQwR7yggmamrpn6wnlSEmoYwdp2":{"registrationId":12,"currentRatchet":{"ephemeralKeyPair":{"pubKey":"BdKauaKiPZTyVni4rA1/jCxLKVNHpXod2UajXTu+r7kw","privKey":"yKKVN6gck7pm1cuH1/aQGMCRPB4S70/N2NdMGfDbH0I="},"lastRemoteEphemeralKey":"Bd5pUeNqRxrDXMsTzY9VlvBMCmDWjeBYI7MGyHxjuFgs","previousCounter":0,"rootKey":"S149GbVgTiv7gqvD4JDyLM0MigxUJlQ1XY57lZa0NII="},"indexInfo":{"baseKey":"BfbBEf8s6Wg5cJDHBjQwR7yggmamrpn6wnlSEmoYwdp2","baseKeyType":2,"closed":-1,"used":1741624208803,"created":1741624208803,"remoteIdentityKey":"BTVHYsYMjuteEFUAGsFYlDvVXeX+RpC0eHAG5aYbhDEM"},"_chains":{"Bd5pUeNqRxrDXMsTzY9VlvBMCmDWjeBYI7MGyHxjuFgs":{"chainKey":{"counter":3,"key":"4TRP77ZEMF3vj0gOGMlfnjCi/ka5OYfYnq/aZYAuBVc="},"chainType":2,"messageKeys":{"0":"m0b5CnnXUfrxd5kbeBejsC839IAVR8Ah36hBoB8ZX6M="}},"BdKauaKiPZTyVni4rA1/jCxLKVNHpXod2UajXTu+r7kw":{"chainKey":{"counter":-1,"key":"dd0oWfuf+c64weldrNGRTZhQYHJHDNUtrw0Lt60uBZY="},"chainType":1,"messageKeys":{}}}}},"version":"v1"}