{"_sessions":{"BUWt4zp9L8fmw4Vz6QSmWHiODfvpr+Wgd+tZQKiO8HEM":{"registrationId":1917953009,"currentRatchet":{"ephemeralKeyPair":{"pubKey":"Bbs3uFw7xjwSDEVANrtlOm9OKjs7lCGm6ZuPIkp60jBL","privKey":"wCq56cQ1Af5CLTfs1Bo1xYzOlNHC9RKPFVvUHmcdlVg="},"lastRemoteEphemeralKey":"BWArppN7MYTW4qMiY0GmuMJyLmL1utjGhBZLsRUPVlk0","previousCounter":0,"rootKey":"AV2hH7E3ix7aE0maqQ1IBAv/cDkOZCou+V4VVd5S8Tg="},"indexInfo":{"baseKey":"BUWt4zp9L8fmw4Vz6QSmWHiODfvpr+Wgd+tZQKiO8HEM","baseKeyType":2,"closed":-1,"used":1741624137659,"created":1741624137659,"remoteIdentityKey":"BUgQzHd3Ped1wWApGlMEqXF1ygdP52dWY8IgnF2kpKBf"},"_chains":{"BWArppN7MYTW4qMiY0GmuMJyLmL1utjGhBZLsRUPVlk0":{"chainKey":{"counter":0,"key":"CRsM03i5R45dJH5weKYlcIhKXdwurnBQ7f5P6e0KgeY="},"chainType":2,"messageKeys":{}},"Bbs3uFw7xjwSDEVANrtlOm9OKjs7lCGm6ZuPIkp60jBL":{"chainKey":{"counter":-1,"key":"/6Ivfsfh9Kv/5a/gv21HM0SG3yuAjIEllSUJla9DFCU="},"chainType":1,"messageKeys":{}}}}},"version":"v1"}