{"_sessions":{"Bb/hzrqBdfnmz6GHPB+ttfCEsv1oBTWoYK+SoS/hfXwK":{"registrationId":432793384,"currentRatchet":{"ephemeralKeyPair":{"pubKey":"BVyBJPayDOprKjF2Z/8OayWxM/YT9ns/Ep0wohzHNpxj","privKey":"QJhTdgzgzmiZHE9X40p7orGu809Pa4ATDC8soDGSHmA="},"lastRemoteEphemeralKey":"Bcphv24QETk8oqeelN6Ws5KHtAUiscDpln4VcQ8UZ7oJ","previousCounter":0,"rootKey":"aWFzA6UgT77xJm4H1ppn+iYSMRrNJbitDuzjAfxBBt4="},"indexInfo":{"baseKey":"Bb/hzrqBdfnmz6GHPB+ttfCEsv1oBTWoYK+SoS/hfXwK","baseKeyType":2,"closed":-1,"used":1741622642576,"created":1741622642576,"remoteIdentityKey":"BUSLuT6nifXaYfNVNhwkEsAUXBiXAesIhFwqSgKnOZww"},"_chains":{"Bcphv24QETk8oqeelN6Ws5KHtAUiscDpln4VcQ8UZ7oJ":{"chainKey":{"counter":0,"key":"aCS137x13+fqqO7qc5LJfym5OYemhF3oIemXw76lkRM="},"chainType":2,"messageKeys":{}},"BVyBJPayDOprKjF2Z/8OayWxM/YT9ns/Ep0wohzHNpxj":{"chainKey":{"counter":-1,"key":"c34W5J/OoQrHhW7J6BBfqDr1mQzqxDmpUsAzkmE1Z/E="},"chainType":1,"messageKeys":{}}}}},"version":"v1"}