{"_sessions":{"BZ/zUgKWL9mN4tZ47nQetN93Gn2kZrvaf/N5q+f7XaVI":{"registrationId":753632673,"currentRatchet":{"ephemeralKeyPair":{"pubKey":"BXwa1tfpD+DEIAqctyNh4qpYbJW0Ic+WeSjmU2CLYu8u","privKey":"oKBevoSYoqcSM8uiNC/qxjxE3nSpzgqADNmmPZn5P0g="},"lastRemoteEphemeralKey":"BRM1UWqZdwLmy++X8uF2Z8shvDw1Rs8V3IO7Z+S14CpB","previousCounter":0,"rootKey":"CKIOxxQeU7pdmQ7asxIgtS6RqK8n2LSV98vi03/afME="},"indexInfo":{"baseKey":"BZ/zUgKWL9mN4tZ47nQetN93Gn2kZrvaf/N5q+f7XaVI","baseKeyType":2,"closed":-1,"used":1741621716814,"created":1741621716814,"remoteIdentityKey":"BdFoRwvs+/Al6eGXClA3303NLAY5NkWV2ERKeNVwZW1Z"},"_chains":{"BRM1UWqZdwLmy++X8uF2Z8shvDw1Rs8V3IO7Z+S14CpB":{"chainKey":{"counter":12,"key":"vEUly+ie0z0zq7yPO7qro06IkL0lEbL6FOY2bsEfeUY="},"chainType":2,"messageKeys":{"0":"HNuzk9WlQKn70ALOrxl2x3APL9MDEED/oftg57FYgE0=","1":"fXo6Mqd7HWx8AGDV7UDOJ9ifVWvOch4kVvXM3vBagHs=","2":"jS5l6Qe/MnbyyDm5BzjJTmzotxQOF+557ONVBKeRXp8=","3":"gcFFL7xxxSlGDn0eWOzlhbgD8euoDXmn5kjBi0M0QRs=","4":"zYoAzbWVpalGwicuewS/8hHyyyHeZ9UajJJKl59FGwA=","5":"v7bdo2SB4//P6vJnkn4LXwbQB4JMzY5uZkrIBOX8MD0=","6":"X86xaxyXKo+4VLBg86WpiQYZrx2YIRegNF5AjMh+9M8=","7":"RTX2RMW3UBwjDl1BqNsoTS12B1DH80UNeKO4HPZwhbc=","8":"IWIhnM77dZTdy0ncc/0Y/ABcf56l81iSmlXHfyfT0Q0=","9":"BXAxqClw3g29Oww2FelN/wAxI0ThyrO1ZBMJZrLabRw=","10":"9V6G7WnKdfxpABUg8osfFi4iI5JCSo1eFKqzEljC+Hg="}},"BXwa1tfpD+DEIAqctyNh4qpYbJW0Ic+WeSjmU2CLYu8u":{"chainKey":{"counter":-1,"key":"HklIyWmhAQb6q//KUaKSN9+osXCqpMrqmL2pwt5ZpYY="},"chainType":1,"messageKeys":{}}}}},"version":"v1"}