{"noiseKey":{"private":{"type":"Buffer","data":"CMQxaqCmaN/3WXbsdZdeiXk2JkwjFNfCztercQv0eX4="},"public":{"type":"Buffer","data":"Ofhpa4oTOktYXfDQvYNZ+X6Wx6kyQd7k0pn48E/Tqk0="}},"pairingEphemeralKeyPair":{"private":{"type":"Buffer","data":"8MyhWUk8RNHMpWN8BgsQUwjKDjbpzOF3W8JAIqQOq3Y="},"public":{"type":"Buffer","data":"J9eQ3LdLWZoNirc1ezF9/pjjGlxiuiZSveVC8LEXli4="}},"signedIdentityKey":{"private":{"type":"Buffer","data":"aEfgGmwwDZVB3jlAq2XtRCBCzPQ1ry8qEVa9ZoCOqFg="},"public":{"type":"Buffer","data":"Uxv/8ecZ7Mv7o4tC9NuUc6AAWYwXXTbH4C+MtvHK9gs="}},"signedPreKey":{"keyPair":{"private":{"type":"Buffer","data":"sFi02wxqFH0i7OG8ognOYlyfhtAKvcHZ6JHIszMXOHc="},"public":{"type":"Buffer","data":"/cAoPdK1Ug/7E/6blGvx3mS4oGgkiQgG+FZ9F6WFSxY="}},"signature":{"type":"Buffer","data":"GU3F/n+gJU6vzlZjTfdAACWKtp68XXh7NTg/j1fOh2ziIrDS+cYhE6aB7fmsWe52H75WFB2nI4f+rWLcH7qRCA=="},"keyId":1},"registrationId":141,"advSecretKey":"YgtuVOUDwYqRpTdiRiBgPdqJzh2U/D9Nyfek9UchEKk=","processedHistoryMessages":[{"key":{"remoteJid":"6285700408187@s.whatsapp.net","fromMe":true,"id":"6E4B68B5F1332440B5F96B67C3093D6F"},"messageTimestamp":1740101611}],"nextPreKeyId":40542,"firstUnuploadedPreKeyId":40542,"accountSyncCounter":1,"accountSettings":{"unarchiveChats":false},"deviceId":"0IoqqC8eRv-3FQRy7xPGhw","phoneId":"bcb91a1c-0033-4384-bf5b-964a8f0b5ca5","identityId":{"type":"Buffer","data":"570eHY2vK+NAYbEh1vk5wBIuJcQ="},"registered":true,"backupToken":{"type":"Buffer","data":"7/WNI3DJq2a+8IXV+0PaAwd2Yqg="},"registration":{},"pairingCode":"MECHAB24","me":{"id":"6285700408187:44@s.whatsapp.net","name":"Mecha V2","lid":"240686125314157:44@lid"},"account":{"details":"CIHryO4DEOSv370GGAIgACgA","accountSignatureKey":"3A5QG2r3ErxEVYflFRuT0LtZUeMhKa2C7isOxNJZpCM=","accountSignature":"ymTReyc3w5dfZ9zUJwRVrYEJ3dca1BLsFOvejoulBgt/jfKwCR0cdCFL2fMz/fJUjLPcLs3H1j8cLlDijpTxAA==","deviceSignature":"n+WNTEvh3/7IzRM8N0CrApMsliYM/E+STuUuQ0+yfnJ6cKE5qBk4oi58gVIgaB/P5NMK2C153kqmGQPkroq0Ag=="},"signalIdentities":[{"identifier":{"name":"6285700408187:44@s.whatsapp.net","deviceId":0},"identifierKey":{"type":"Buffer","data":"BdwOUBtq9xK8RFWH5RUbk9C7WVHjISmtgu4rDsTSWaQj"}}],"platform":"smba","routingInfo":{"type":"Buffer","data":"CA0ICA=="},"lastAccountSyncTimestamp":1741486509,"myAppStateKeyId":"AAAAAJZu"}