{"_sessions":{"BYOavcPkrubBgPUuwOEEHebdCTMQC8D053f1BvlJmMxx":{"registrationId":753632673,"currentRatchet":{"ephemeralKeyPair":{"pubKey":"BSc3bMRQO9M6n56aSwwqLf2bSIWIgzYBWSMFAcwT6bU+","privKey":"2HILEuO+ACpvkuJpK7bTfLdWvN2KqOpNg46fyOx8TEg="},"lastRemoteEphemeralKey":"BQyOnsrSFd2uUZRdKA/V6F/FJAyMnb16Ns1Cq8ptp2Yr","previousCounter":0,"rootKey":"OTc59/b+4ex7vf3h//U2cGmb2W2pEPfCJkTqbv86JmY="},"indexInfo":{"baseKey":"BYOavcPkrubBgPUuwOEEHebdCTMQC8D053f1BvlJmMxx","baseKeyType":2,"closed":-1,"used":1741621716940,"created":1741621716940,"remoteIdentityKey":"BdFoRwvs+/Al6eGXClA3303NLAY5NkWV2ERKeNVwZW1Z"},"_chains":{"BQyOnsrSFd2uUZRdKA/V6F/FJAyMnb16Ns1Cq8ptp2Yr":{"chainKey":{"counter":7,"key":"hzwh5e0jxGrS64Hj5rsRWqEyFygEPMxKq8ZO01D7hgs="},"chainType":2,"messageKeys":{"0":"ORcWhOQYifeyoBDVbk2mORWcJ2HwGPaJiaY6UcYZF28=","1":"HKIhCy/O2SspoVqzNIsHp4BH8HubSeQipuXcSWyLC+c=","2":"J4VElUYgWZGJtMgpJN7qT1MvA9oG+DSVyldnDNCeHmI=","3":"afb4VQlOfkJgvQbWVrTEmdKLC6sQi0WedrLbt2jbcBg=","4":"cgVHOXQhVcThN9+sMzeWbFiOf2CUgkCMfbBIj28Bk6o=","5":"ZKo1x3pbar14pGbVBYs8qBLY1lOh/RPnip/bLtthUDM="}},"BSc3bMRQO9M6n56aSwwqLf2bSIWIgzYBWSMFAcwT6bU+":{"chainKey":{"counter":-1,"key":"TvU9F/ygy1Ml1G8SO9L23rKTHTeXUYpk85Ef+unCCmI="},"chainType":1,"messageKeys":{}}}}},"version":"v1"}