{"_sessions":{"BSa9/0DpWqbOfM4BYjvsUaTXdDLiuK2QfXQ7Dc4BD7N3":{"registrationId":837214470,"currentRatchet":{"ephemeralKeyPair":{"pubKey":"Bezl4RgKF9O4z/ztrBZwYT5NAOtHfDIoukEcbDBi/pFz","privKey":"kBI4vs0wjiVwhCi0JVrXuHXTx2FLvwYF+X4QqKlA63g="},"lastRemoteEphemeralKey":"BaccakN795ibjokue94alT6w058mGat8fU3H3EKUkH8P","previousCounter":0,"rootKey":"qNGYMchX8Ww5incvOrkNVNCcr65Zr2ooHKvoFdVnDKg="},"indexInfo":{"baseKey":"BSa9/0DpWqbOfM4BYjvsUaTXdDLiuK2QfXQ7Dc4BD7N3","baseKeyType":2,"closed":-1,"used":1741623813587,"created":1741623813587,"remoteIdentityKey":"BWBfvPMFV1ZeBuM4tRd8eSWRk+uieCafTBdon8xDm3lv"},"_chains":{"BaccakN795ibjokue94alT6w058mGat8fU3H3EKUkH8P":{"chainKey":{"counter":29,"key":"4YPPu3f0sDQP8nbpKu8TBa9U+fkNb14AahWQamDCDh4="},"chainType":2,"messageKeys":{"0":"ZBfdHv2D/QrE5edfUdLcwORpCD/r+59aQvySA8VPygM=","1":"4bIs3hIl0L6wpMw6VgUkQBlsvUUo4N3uFmuwfb1JsHw=","2":"LbuyCYE0VmXIsGbOiB2PzcTiCYxkg2wTblJQ6yya9cU=","3":"oakwYxCwvDmd8tA6aNPCydhiNPOp9D6xq+E8kYIFzG4=","4":"czPeljF1kKgfrjLldRUI5yBPSNowry6xOkBv41bkrsg=","5":"KViLgHPmy+7HQdVAf1INILmE6WRH0n38fsqYJzmoPYo=","6":"iv9n+dhOqtD04Zuu/InARTMDlYN5k0SSyk3VhrB/DCE=","7":"V09Qq/YSkJUoYZoo+00J6xFMHsddQ5XX5Mi7mCU8awU=","8":"viT/IefLJIvZh6HIffoxYLeRksfgwCBAq6iISS91GcI=","9":"1aQChCjGDVfzCht4SnBo7r1QQcK1XfqgYz17Coj8s/Y=","10":"0Sv4c2LUMfWGWdGsGIIrqvJtzveqSg0UTVgMtgjww1E=","11":"nsuuojzx20yfAytgAIwxFCTlX/XmSR9ND5GZ//uH0rY=","12":"GCW6prpB4t5hzkrzOYQqAUbvC25/Vu46XDdzU83mwmM=","13":"LorEUc7OJAEM5Xjeh7pia/6IiA4frLqSf8eCKSPcTQw=","14":"adbUIn72UFLJ8uErBDdWa0CVybmaAdW988nwlxySyX0=","15":"geOq16uDXi8BsVanIY3kGxI5yNwpQlVxdTNbp2Kc6c0=","16":"g64vFgf68FQKdjcvzs1MYicPgdVm7hJh0l9RgNrnr+o=","17":"XU6wiZJNZcV+Zjcd0FMUWYInzlLU8TM1EKkmaSXSZUw=","18":"XdlLHkyUPaMkaxsbQulMTjI1kBIx2iloYTZA6RdIIRs=","19":"hRFgi23421T1mfucH5m4lvlrX1ADD74cwfBxs7ecy+w=","20":"fcD74ht2NZ9zTHQvwwZEcVoe2DvNPMCHysksST5YO0E=","21":"g4uEUk4ft0kX3qwcf1PYBWjlk5fiVnNt9KZ1w54KGX8=","22":"RzuelpdRD/1Hu4/GX5PqDEZ5TZ83a9IbQfFzfR2FbjU=","23":"+ObpJDevhP7RffxXw8BCo0zq6edJVyotQTkgi/l6hNQ=","24":"rgAl+pyh57XDdtSyS9em78NPdLLnWZSn5P2+T+w0OPY=","25":"5j59QH5XmKJfkrwgkc2COqvFjUDAlvZTs5YsZ2+k2aQ=","26":"LHZwK6Ji3SdYg7NBaJQMR2yAF5YnV+rMiP/hdfgUuMM=","27":"mKUGUwzwv/pIyH3c8J3ZZt9fAjrTEefWc//iJeKdo+8=","28":"55mwul2F6tpDSQGw9WugiICLVD3xSfB5mWO5y4sMpI4="}},"Bezl4RgKF9O4z/ztrBZwYT5NAOtHfDIoukEcbDBi/pFz":{"chainKey":{"counter":-1,"key":"bb86RkJfVoj6NqsHosQlvtoUPliJa8AbrNtx2H8vzpg="},"chainType":1,"messageKeys":{}}}}},"version":"v1"}