{"_sessions":{"BRzrRaXHeniJL83AIPCq1WHm4/XZtlbmtowXtjKtxFYL":{"registrationId":294635749,"currentRatchet":{"ephemeralKeyPair":{"pubKey":"BbSG0y/OuO8dm6IA0lc5/2b1HY7P+jN1SfmreIkkOcd/","privKey":"cHRuLSGbkw9t/kQeudZ4dE+AZhSAlL8TobFqmm9t234="},"lastRemoteEphemeralKey":"BYMKs2mXCyaRiUHH1vw+yAcLTAtFvmRW+hdVZFN8eycI","previousCounter":0,"rootKey":"lafNf6JER+XHWKF54/ioDYkWrOBZ90tDy3/pXX2VQXw="},"indexInfo":{"baseKey":"BRzrRaXHeniJL83AIPCq1WHm4/XZtlbmtowXtjKtxFYL","baseKeyType":2,"closed":-1,"used":1741621041371,"created":1741621041371,"remoteIdentityKey":"BZF4TiPkKEB7BrcyBVtsiQxGRTNdCqUKNqQTQGs99gwz"},"_chains":{"BYMKs2mXCyaRiUHH1vw+yAcLTAtFvmRW+hdVZFN8eycI":{"chainKey":{"counter":65,"key":"KBo8pftC3OPBKERWTNXhHaFZKioRdJOUC7QWfg1t2sI="},"chainType":2,"messageKeys":{"0":"9PAUch+cRvJPwX11ekbeDTf5MmJJIfkZyzuo78LwU/U=","1":"aOjBcVpM45hJ8sdOWwRjVT1bFAk7D0DVjYdngBXRJX0=","2":"GzjQITAU2j3BDmep5ROUCyVzkREkJ59BJDX3e8R735E=","3":"VpLCEgqtawyAsTN+JaEWnk/Q9nS8ZzX2QyiD5WXLOBE=","4":"xWswwRhQVnEx2f8gG3n6ci80UDoO8AnFMgvjFxjvOns=","5":"/DWMyv40Gbylrw5wEMhAmTO8r270c4TGWAY0TGAnjI0=","6":"S2xZoZpKMfSr1qt+M6S8SkJx3KeDM5sC3IcLPD2Spb8=","7":"VO5d/8kyFtApvJKxr2KFfhmSWCjwzkUziuFTA4VTBNc=","8":"SgRE5+Psf8zeF8LLCnsnzNT1bg9DroO7wnmmDFnPaoQ=","9":"jGEqXG4GMUbka5fIvVMge5dND/4kzSfaRCLngKbp//4=","10":"sG1C8QdjOySFbBMZyEQ3j/cToV39noOdYzEUdA2eqWg=","11":"sj06iUvD4V/7Szz/+h2RF+Xqd0ytIbAZdwwD4GGe5io=","12":"14oqXIIoUy0pNplSiLGiWs6IL7ZoA5zBvwYeZDUvk2o=","13":"os4KiYx+W4rjXD8hz6BacejRtsuLd4VK+vJp48C5PFY=","14":"FkK3G3nUmMfHf3Tos7Va6fn3YLTrKvzHulwzjM7LQTc=","15":"Yyd0kgyxlgYFPZkZyiaVknZ3EoAISgGDctEJGXu4nxk=","16":"pnwgAu1FLtoo3dFIB8yrFovEJLhu4kljqOuIv3ab0NI=","17":"wEcwMMKkQMdxCBeA42ZeRzHMnlaOMBcRtIKKU1EvsRA=","18":"8Un6eFP7xL1O0yxvnlPl+S4Dp5gj2r26S9PN/v6MaRg=","19":"Yz27m6lhaBBZl9S1uuVWlNg+hhoe08rzdGeb3xjzywU=","20":"frL9FbZTS7u0YRBs3IbcLLfnSkeeTETzcFD6uA22ERE=","21":"XoenH1Lw3bBt/Fvl7uKC8h79N7hM2NeIvR7fB9BC9TM=","22":"weSx+BNNiUrP2dM7BjWx9jHhnfQWv9GUvfCR1O1wuJs=","23":"rEIP+A0sfFPSacEDNByIeOQzFk0cbn+pbE1N295Uphs=","24":"tEBk2N6WUmPuLpHOr+gbSdAMdSymdLKqlAtOBR3S41I=","25":"5JstCnBNI/LCk9KANn6Wecwhxq/APsVkr3vnwxCcpNw=","26":"62GZkuyJDb+QzZsbYDgKJ2hXFFPvAe62UB1Y1c19sE0=","27":"f3SOQfw5RRb84u+WYXHeInEQ5oStkCijXTlJunpoz0U=","28":"bi/Vb/OvkLOtBH8mciKFu0EGxWziy5ib94hwS6RFJYM=","29":"PkGVHyiCviUfSNCRz3KZhBa62CCMo8SJ/oJNw8rRd7E=","30":"KoqGShWnzGZKkjlN3Pj5A01ifsfBML5TOe+b/69V7DI=","31":"Cg5cerDR+wBuyvW7CuLtxkbrEZitJt/Z3tE+jshqUL0=","32":"QbJvbvrc34FGwinRRVQ98Ek8LkIBAx26qmruD3yR6CE=","33":"p9oV5mtrCbHek9qd6bwHfXIMjj7c+XB15igNFL6L9WQ=","34":"e7y+hbO7CeisM/Wun2z81iDbKWHTGmaNybze+EHOAbU=","35":"pld42GKvrON+KpmGv1K8Nm2T7ppov+WQxf7iDjFAcx0=","36":"eso02HSXKCZCe4t33olQX3FlENBkGmjK0IbD3/mz6s0=","37":"2P8drVaaWqNTdSi7l/3JZpBXOdKEN9L29wsa6Pnn+ZI=","38":"Lkad4WSrKWyoUsF2h5ECq7a37JnOcAVcirYfqR3Oc4k=","39":"mG1aqZvTq6BWlnKAnc3KrhU6YHE1/8XXFaok/+H/6Gs=","40":"vu+QMm1tJzwx0J6cKudVTL1PO4vekstMjCr4iJ9SLw0=","41":"fk0JK9ppkod1MaUtu8SUQpJR8S0zVhFjWwCn38X8PVg=","42":"YjCmGIXeyD4YsAI6ScPXfP0MpLXN38QzJxuoox+YhEA=","43":"+k/EG/inz+wEHRcKpfdCNaxeiQoMMA5A24rMHHYH/e8=","44":"7FXmNZ5V06V1b8TDU12JX3ZH2ySSMbs8f+ZbBUqfvQg=","45":"sZJ1CXgOAxSa2dfPY3H9nru6LCjWCzup8E79gXMqpLA=","46":"bPG0Ekq0k41ypqwbn5DbsHqaCpzlXNsRzg30sgx2a+s=","47":"/yaYj9LrAwxNwEa0MFKPVMmrEjWhLFwHjgBi6Sf7Z7c=","48":"vdhlHhsFlhilNTev1ue7vIP+J7H4wWjDGLk77drVCks=","49":"wWQDNMAaQE7dV4iMJW9mWfBdq1mZl8cfbucI5kOCvds=","50":"SeAXZu6TFzEkSB5vvqg0smLDaaQnvZS9LUjyfYV35tA=","51":"iy069rBi9bxf4if6TH/hcc0d2AzaCCtTyt7Qe6v1zsg=","52":"wOHTWbufagu53cyhc/7F/ztXPApE4XWgQW/QqCOrvEs=","53":"foDy0txQBl8yfPM5gM+bYbFLs5E9hbYXAzcxGR5c+C0=","54":"IazEM9221R2jrLF987Lh63i7SoAZH5PvcaBsuG+zUM0=","55":"3yTYYUFHJXZgLtaszLQLkOGmCeSMCbULI3xyWd4oN6k=","56":"QqN4puliz9W9jczuhR7YCzpaaWrwejrDtyR6NlAvPcQ=","57":"bTBh6IVtl3d5bHABIuUHvdTLIL5SHzu9SyMV7ok1EWw=","58":"mKHp3c+mFDAEvZ/gjZR7relscPjYM2ipWbYJRQkeBxE=","59":"XxRd3ptO4mLV5/uPksXQq0lVSjFK29xtaqusXTmNBFg=","60":"H90LTYp3hmT1/TTI1ZTMLtiIE0VlmIh7W6wN2AVzzlM=","61":"7QRYDVFAnodI/sf6tA0Bwbo8I6gikI0a6/SxOb30tR8=","62":"qGsIfIKMInAgVIjzFItNXOm2BXsPSIpKVrOspzpqhCo="}},"BbSG0y/OuO8dm6IA0lc5/2b1HY7P+jN1SfmreIkkOcd/":{"chainKey":{"counter":-1,"key":"MpRq0Q8ZTldmRR6yIhc64Cln45nMTlroiCp9Se4i9oo="},"chainType":1,"messageKeys":{}}}}},"version":"v1"}