{"noiseKey":{"private":{"type":"Buffer","data":"qCnvgoz0xr9uMC74U1dD614SFo3/VaH6CDJz+fOC0lk="},"public":{"type":"Buffer","data":"DHqQpRXhfdyFGXje4ry8QWyjbeMeBsWP7n5XbUGF3xo="}},"pairingEphemeralKeyPair":{"private":{"type":"Buffer","data":"mGpAIk6qHoiNGat4qZaWUWGLq4OfkpihbNLAwanfwmU="},"public":{"type":"Buffer","data":"Se6RGwokH0nwy0snb0CPwzEFKh81hPkbYtIl6KBWk00="}},"signedIdentityKey":{"private":{"type":"Buffer","data":"6J3Nu8W/Z/aeNZfEaCr8oohzcvNEstLdCiejIO1izVA="},"public":{"type":"Buffer","data":"o0LdgJorH4/s0q2N4laTas2/kmW3mRrudxazO3mqnSA="}},"signedPreKey":{"keyPair":{"private":{"type":"Buffer","data":"+AW0i6zn0IXzoA/2LAzQFmFtN6fWNZvb8HcDj/W0emc="},"public":{"type":"Buffer","data":"gRVbZEigKJGzuwDWTiJxp2pWy7arXJelS1bRMyYMRgg="}},"signature":{"type":"Buffer","data":"ysdzhkUjHzD8b0EfkgKzkK/x62UNCnKD4nkWkq1/fmZ+4J3yEDeswa4EaKnBMx4sYZmYdVMvJJSGyivDxyYViQ=="},"keyId":1},"registrationId":177,"advSecretKey":"ChiOgP7VMkr4Ek7hG98whxbuAmD4ehlZQF1TxRkRoq0=","processedHistoryMessages":[{"key":{"remoteJid":"6289504842184@s.whatsapp.net","fromMe":true,"id":"2AA1A3BAF626E89FA91C25B41325DCF5"},"messageTimestamp":1740433312},{"key":{"remoteJid":"6289504842184@s.whatsapp.net","fromMe":true,"id":"B2CB8B1E48BF3BD87F9493899F85A7AD"},"messageTimestamp":1740433325},{"key":{"remoteJid":"6289504842184@s.whatsapp.net","fromMe":true,"id":"EE549CED65B53A556ECDA562FD70CC54"},"messageTimestamp":1740433340},{"key":{"remoteJid":"6289504842184@s.whatsapp.net","fromMe":true,"id":"3E9E4C4B5356B250DAEBC863023DF690"},"messageTimestamp":1740433343},{"key":{"remoteJid":"6289504842184@s.whatsapp.net","fromMe":true,"id":"8D60D308B7C4C0651C07254B37DA2CAE"},"messageTimestamp":1740433376},{"key":{"remoteJid":"6289504842184@s.whatsapp.net","fromMe":true,"id":"2F84414D32E70D45AA028D0C1120DF21"},"messageTimestamp":1740433414},{"key":{"remoteJid":"6289504842184@s.whatsapp.net","fromMe":true,"id":"84AB171F302D8740C18B3424A8482ADE"},"messageTimestamp":1740433449},{"key":{"remoteJid":"6289504842184@s.whatsapp.net","fromMe":true,"id":"579CB8A1B6544D952FA5AD9BE6C2195C"},"messageTimestamp":1740433560},{"key":{"remoteJid":"6289504842184@s.whatsapp.net","fromMe":true,"id":"17F4825E09643AF6B3CC9FA7B27B38AF"},"messageTimestamp":1740433570},{"key":{"remoteJid":"6289504842184@s.whatsapp.net","fromMe":true,"id":"7D0832A7E739C0E5BDB791CD9A99E3E4"},"messageTimestamp":1740433576},{"key":{"remoteJid":"6289504842184@s.whatsapp.net","fromMe":true,"id":"FCBC8FAA8E545D6D52D4A0C2DCF19BE4"},"messageTimestamp":1740433580},{"key":{"remoteJid":"6289504842184@s.whatsapp.net","fromMe":true,"id":"FC3263B958532DAEBBFB082C8BD0BEAC"},"messageTimestamp":1740433624},{"key":{"remoteJid":"6289504842184@s.whatsapp.net","fromMe":true,"id":"7BD6C7B58F648DD0B438C1FDB70829D0"},"messageTimestamp":1740433636}],"nextPreKeyId":92,"firstUnuploadedPreKeyId":92,"accountSyncCounter":1,"accountSettings":{"unarchiveChats":false},"deviceId":"YoJvH_XfQiCfQM50ahv_9g","phoneId":"0d15ea35-fe4f-4a06-bdea-19354076e315","identityId":{"type":"Buffer","data":"83+7y4QweDLaCkKVc5E1NmUtId8="},"registered":true,"backupToken":{"type":"Buffer","data":"Jb7JAVPcmkoryLhCvDFc8HXR9C8="},"registration":{},"pairingCode":"MECHAB12","me":{"id":"6289504842184:29@s.whatsapp.net","name":"Mecha V3","lid":"93669545783549:29@lid"},"account":{"details":"CLD6jloQms/zvQYYASAAKAA=","accountSignatureKey":"c8+F2wTaum5QN/DZAi2uGIfS20rw5beU8xYcBvPtjTE=","accountSignature":"yV0qVE+F31q++uLuI4Bryo4sEvgY47hsURFXe5ztmlh2fdv7e7c7m+lauLCQtAILvZtvoNVXN0odWV+3C9i2Dw==","deviceSignature":"s/HfVHgGCyWVXZLgmM7SrPEM94nBvQhDrnpFMl09XozeYcfrhA6wcktsl3KIcgV6kYh4rr3DlyXQ/xq7D6Lsgg=="},"signalIdentities":[{"identifier":{"name":"6289504842184:29@s.whatsapp.net","deviceId":0},"identifierKey":{"type":"Buffer","data":"BXPPhdsE2rpuUDfw2QItrhiH0ttK8OW3lPMWHAbz7Y0x"}}],"platform":"smba","routingInfo":{"type":"Buffer","data":"CAIIEg=="},"lastAccountSyncTimestamp":1740439437,"myAppStateKeyId":"AAAAAGKD"}